rate_t_per_year,process,metric,reported_musd,calculated_musd,difference_musd,within_printed_half_musd,source_fit_in_range
10,oxygen_pilot,plant,93,141.23974422057708,48.23974422057708,False,False
10,oxygen_pilot,launch,101,190.33145505565696,89.33145505565696,False,False
10,oxygen_pilot,operations,93,141.23974422057708,48.23974422057708,False,False
10,oxygen_pilot,lcc,287,472.8109434968111,185.8109434968111,False,False
10,oxygen_production,plant,93,138.43327834205058,45.433278342050585,False,False
10,oxygen_production,launch,101,184.63068160475615,83.63068160475615,False,False
10,oxygen_production,operations,93,138.43327834205058,45.433278342050585,False,False
10,oxygen_production,lcc,287,461.4972382888573,174.49723828885732,False,False
10,hydrogen,plant,223,224.12789267481764,1.1278926748176445,False,
10,hydrogen,launch,381,383.1400179533069,2.140017953306881,False,
10,hydrogen,operations,223,224.12789267481767,1.127892674817673,False,
10,hydrogen,lcc,828,831.3958033029422,3.3958033029422268,False,
10,recycling,plant,34,23.145550101263957,-10.854449898736043,False,
10,recycling,launch,60,50.284997998398396,-9.715002001601604,False,
10,recycling,operations,34,23.145550101263957,-10.854449898736043,False,
10,recycling,lcc,128,96.57609820092631,-31.42390179907369,False,
10,earth_supply,containers,7447,7446.721342306143,-0.27865769385698513,True,
10,earth_supply,launch,1300,1300.0,0.0,True,
10,earth_supply,lcc,8747,8746.721342306144,-0.27865769385607564,True,
30,oxygen_pilot,plant,185,194.4141704226009,9.414170422600904,False,True
30,oxygen_pilot,launch,287,308.86567709826477,21.86567709826477,False,True
30,oxygen_pilot,operations,185,194.41417042260093,9.414170422600932,False,True
30,oxygen_pilot,lcc,658,697.6940179434666,39.69401794346663,False,True
30,oxygen_production,plant,185,173.61149166301044,-11.38850833698956,False,False
30,oxygen_production,launch,287,260.19610382569493,-26.803896174305066,False,False
30,oxygen_production,operations,185,173.61149166301044,-11.38850833698956,False,False
30,oxygen_production,lcc,658,607.4190871517158,-50.58091284828424,False,False
30,hydrogen,plant,399,399.3246974569121,0.32469745691207663,True,
30,hydrogen,launch,919,919.1859323463834,0.18593234638342437,True,
30,hydrogen,operations,399,399.3246974569121,0.32469745691207663,True,
30,hydrogen,lcc,1718,1717.8353272602076,-0.16467273979242236,True,
30,recycling,plant,41,40.74138901323486,-0.2586109867651416,True,
30,recycling,launch,143,142.93665382639196,-0.06334617360803918,True,
30,recycling,operations,41,40.74138901323486,-0.2586109867651416,True,
30,recycling,lcc,224,224.41943185286166,0.4194318528616634,True,
30,earth_supply,containers,14239,14238.578798931738,-0.4212010682622349,True,
30,earth_supply,launch,3900,3900.0,0.0,True,
30,earth_supply,lcc,18139,18138.57879893174,-0.4212010682604159,True,
100,oxygen_pilot,plant,261,318.189998094671,57.18999809467101,False,False
100,oxygen_pilot,launch,484,651.5524138161127,167.55241381611268,False,False
100,oxygen_pilot,operations,261,318.189998094671,57.18999809467101,False,False
100,oxygen_pilot,lcc,1007,1287.9324100054546,280.9324100054546,False,False
100,oxygen_production,plant,261,261.4818072234917,0.4818072234917281,True,False
100,oxygen_production,launch,484,483.93852593472263,-0.06147406527736621,True,False
100,oxygen_production,operations,261,261.4818072234917,0.4818072234917281,True,False
100,oxygen_production,lcc,1007,1006.9021403817061,-0.09785961829390999,True,False
100,hydrogen,plant,830,829.5725906670032,-0.4274093329968309,True,
100,hydrogen,launch,2783,2782.9585468805553,-0.04145311944466812,True,
100,hydrogen,operations,830,829.5725906670032,-0.4274093329968309,True,
100,hydrogen,lcc,4442,4442.103728214562,0.10372821456167003,True,
100,recycling,plant,80,79.80876979183864,-0.1912302081613575,True,
100,recycling,launch,460,460.1484176581315,0.14841765813150687,True,
100,recycling,operations,80,79.80876979183864,-0.1912302081613575,True,
100,recycling,lcc,620,619.7659572418088,-0.23404275819120812,True,
100,earth_supply,containers,28971,28971.10784349497,0.10784349497043877,True,
100,earth_supply,launch,13000,13000.0,0.0,True,
100,earth_supply,lcc,41971,41971.107843494974,0.10784349497407675,True,
300,oxygen_pilot,plant,433,552.3757707836611,119.3757707836611,False,False
300,oxygen_pilot,launch,1040,1502.7994225779712,462.7994225779712,False,False
300,oxygen_pilot,operations,433,552.3757707836611,119.3757707836611,False,False
300,oxygen_pilot,lcc,1907,2607.5509641452936,700.5509641452936,False,False
300,oxygen_production,plant,433,433.3459312982725,0.3459312982724896,True,True
300,oxygen_production,launch,1040,1040.4092517616764,0.4092517616763871,True,True
300,oxygen_production,operations,433,433.3459312982725,0.3459312982724896,True,True
300,oxygen_production,lcc,1907,1907.1011143582214,0.10111435822136627,True,True
300,hydrogen,plant,1678,1677.5418473456507,-0.4581526543493055,True,
300,hydrogen,launch,8089,8088.515287324773,-0.4847126752265467,True,
300,hydrogen,operations,1678,1677.5418473456507,-0.4581526543493055,True,
300,hydrogen,lcc,11444,11443.598982016074,-0.40101798392606725,True,
300,recycling,plant,153,153.26010265420715,0.2601026542071452,True,
300,recycling,launch,1355,1355.4052627529743,0.4052627529742949,True,
300,recycling,operations,153,153.26010265420715,0.2601026542071452,True,
300,recycling,lcc,1662,1661.9254680613888,-0.07453193861124419,True,
300,earth_supply,containers,55394,55394.49953342887,0.4995334288687445,True,
300,earth_supply,launch,39000,39000.0,0.0,True,
300,earth_supply,lcc,94394,94394.49953342887,0.4995334288687445,True,
