equation,prior_output_years,scale_development,elapsed_year,surface_lrac_2022_usd_per_kg,surface_lunar_earth_ratio
prose_fabrication,0.25,False,0,4071.671571920533,0.20358357859602666
prose_fabrication,0.25,False,10,1888.6518795171469,0.3718843612570175
prose_fabrication,0.25,False,30,1130.9985244600057,3.7677552698608974
prose_fabrication,0.25,True,0,4071.671571920533,0.20358357859602666
prose_fabrication,0.25,True,10,200.16101370614496,0.03941263688557436
prose_fabrication,0.25,True,30,4.075054736229073,0.013575445613184476
prose_fabrication,1,False,0,4071.671571920533,0.20358357859602666
prose_fabrication,1,False,10,1945.4659746533741,0.3830713214953082
prose_fabrication,1,False,30,1132.63858711554,3.773218897425082
prose_fabrication,1,True,0,4071.671571920533,0.20358357859602666
prose_fabrication,1,True,10,306.1733419683481,0.06028695862200676
prose_fabrication,1,True,30,5.310954021651408,0.01769266234243759
prose_fabrication,5,False,0,4071.671571920533,0.20358357859602666
prose_fabrication,5,False,10,2054.6371311124585,0.4045676312323128
prose_fabrication,5,False,30,1136.0406600285432,3.784552403056788
prose_fabrication,5,True,0,4071.671571920533,0.20358357859602666
prose_fabrication,5,True,10,519.5736847781062,0.1023064811388428
prose_fabrication,5,True,30,7.863123515414598,0.026194839712028416
printed_development,0.25,False,0,6465.848509240535,0.32329242546202674
printed_development,0.25,False,10,5032.471275503217,0.9909170589517373
printed_development,0.25,False,30,3416.1320080326796,11.380341439393954
printed_development,0.25,True,0,6465.848509240535,0.32329242546202674
printed_development,0.25,True,10,283.62507249908924,0.055847099228135695
printed_development,0.25,True,30,4.95946567607626,0.01652173060583983
printed_development,1,False,0,6465.848509240535,0.32329242546202674
printed_development,1,False,10,5041.064522329293,0.9926091093193552
printed_development,1,False,30,3416.2407328694676,11.380703640199625
printed_development,1,True,0,6465.848509240535,0.32329242546202674
printed_development,1,True,10,454.8386434068208,0.08955984965402844
printed_development,1,True,30,6.848888282838322,0.02281606417892825
printed_development,5,False,0,6465.848509240535,0.32329242546202674
printed_development,5,False,10,5058.574918640853,0.9960569879984829
printed_development,5,False,30,3416.4767945948206,11.381490045124544
printed_development,5,True,0,6465.848509240535,0.32329242546202674
printed_development,5,True,10,802.6098991082763,0.15803763144786087
printed_development,5,True,30,10.849722056860243,0.03614425357078064
