elapsed_industry_year,market_fraction,launch_usd_per_kg,industry_output_kg_per_year,learning_factor,equipment_scaling_factor,labor_scaling_factor,optimal_reliability,annual_discount_rate,capital_cost_usd,capital_transport_cost_usd,debt_at_commissioning_usd,surface_lrac_usd_per_kg,earth_surface_usd_per_kg,surface_lunar_to_earth_cost_ratio,pre_delivery_cost_ratio,production_mass_ratio
0,1,2000.0,500000.0,1.0,1.0,1.0,0.6217626805247174,0.217,4486217618.826163,578999047.8299359,7867279163.28418,4071.671571920533,20000.0,0.20358357859602666,2.0358357859602667,166.66666666666666
1,1,1752.5304486567513,642040.5957199703,0.7297807010855298,0.6603214123886162,0.6603214123886161,0.6320093871517407,0.21376666666666666,2969533535.923167,499131005.2843832,5292305649.276294,2709.5921387548938,17525.304486567515,0.15461027457934862,1.5461027457934864,166.66666666666666
2,1,1533.155237438248,824432.2531049089,0.5879816352660958,0.4813819191189487,0.4813819191189487,0.6395593555189145,0.21053333333333332,2169541589.327423,431496999.23469114,3910842786.191126,1980.8920369509044,15331.55237438248,0.12920361804071326,1.2920361804071328,166.66666666666666
3,1,1339.3675749718195,1058637.949828466,0.4940406847122926,0.3659752644842461,0.36597526448424617,0.6458147102475835,0.20729999999999998,1652825805.807551,373305469.30791223,3006921593.1133122,1506.7295540703988,13393.675749718195,0.11249559734205904,1.1249559734205903,166.66666666666666
4,1,1168.6992345081187,1359377.0799192728,0.4246678319001048,0.2846435776788144,0.2846435776788144,0.6513150334513838,0.20406666666666667,1288113204.42099,322986345.1741802,2362257107.6637206,1170.9617549102018,11686.992345081188,0.1001935930421855,1.0019359304218551,166.66666666666666
5,1,1018.7771382576167,1745550.5403988876,0.3701652680573031,0.22449708066564422,0.22449708066564422,0.6563327574780038,0.20083333333333334,1017977707.6855748,279400780.7731839,1880629589.015177,922.1348930939569,10187.771382576168,0.09051389734471818,0.9051389734471819,166.66666666666666
6,1,887.3634202687659,2241428.6176340356,0.32563653137528586,0.17869448812324543,0.17869448812324548,0.6610270816506856,0.1976,811939674.1239333,241632181.31626183,1510543630.4359474,732.6042204849856,8873.63420268766,0.08255965974607038,0.8255965974607037,166.66666666666666
7,1,772.3806630251906,2878176.3298590914,0.28828672788385096,0.1431415421063511,0.1431415421063511,0.665499720278824,0.19436666666666666,651753210.1266714,208908456.4698023,1220909192.9151127,585.6402584506426,7723.806630251906,0.07582274990635574,0.7582274990635575,166.66666666666666
8,1,671.9248898801918,3695812.0908196983,0.25637637028849986,0.11518131794690493,0.11518131794690492,0.669819545039597,0.19113333333333332,525572120.3557646,180565767.41319883,991372489.5680764,470.28391151339844,6719.248898801918,0.06999054784192514,0.6999054784192513,166.66666666666666
9,1,584.2691064191772,4745722.792917896,0.2287497272330646,0.09298815694927971,0.09298815694927973,0.6740349685095417,0.1879,425251208.1689051,156028164.8116942,807828964.7997689,378.94910254826164,5842.691064191772,0.06485865817392523,0.6485865817392524,166.66666666666666
10,1,507.85998989934876,6093893.378173697,0.20459807433276928,0.07525434897906304,0.07525434897906304,0.6781808032074974,0.18466666666666667,344951587.5673144,134794140.07228002,660095401.766051,306.1733419683481,5078.599898993488,0.06028695862200676,0.6028695862200676,166.66666666666666
11,1,441.3099354369278,7825053.869553245,0.18333091993045078,0.059926413225113065,0.06028173307270082,0.6833587679222721,0.18143333333333334,275541189.8081388,116243168.46064429,533239440.4685207,244.54525020144598,4413.0993543692775,0.05541349300448653,0.5541349300448652,166.66666666666666
12,1,383.3862186434159,10048004.495897645,0.16450146335519433,0.04778751900196978,0.04834768198166995,0.688549531575301,0.1782,220456282.95670423,100224480.87057896,431777823.3032404,195.76070599912984,3833.8621864341585,0.05106096580409562,0.5106096580409561,166.66666666666666
13,1,332.99860638075825,12902453.58468613,0.14776125135347926,0.03814796489092186,0.038811164521029444,0.6937611865150684,0.17496666666666666,176613636.45267934,86398245.26596603,350353427.01266193,157.01839551801766,3329.9860638075825,0.04715286866350402,0.4715286866350402,166.66666666666666
14,1,289.1863781197834,16567797.9715223,0.13283145413659053,0.03047729063409708,0.031175969009046425,0.698998284020375,0.17173333333333332,141640059.27253336,74468778.03786384,284825615.855405,126.16876963102752,2891.863781197834,0.04362887714537071,0.43628877145370715,166.66666666666666
15,1,251.10542199457046,21274397.75880859,0.11948403993092085,0.024363701819535868,0.025054332904346718,0.7042625624047716,0.16849999999999998,113691680.60659876,64179154.72417912,231964159.08465034,101.54792975771844,2511.0542199457045,0.04044035726154657,0.4044035726154657,166.66666666666666
16,1,218.01583967115485,27318054.021298137,0.10752906953263008,0.019839113921040125,0.02040148777007433,0.7083893304962139,0.16526666666666667,92892392.0821726,55397292.775879286,191589852.47517416,82.88057976121077,2180.1583967115484,0.03801585237394863,0.38015852373948633,166.66666666666666
17,1,189.2703235703555,35078599.35548918,0.09680589466438343,0.016160738114997495,0.016618842067277657,0.7125194702368565,0.16203333333333333,75939263.38028394,47814354.08542429,158421591.83653414,67.71403746059507,1892.7032357035548,0.0357763627087711,0.35776362708771103,166.66666666666666
18,1,164.30344769457835,45043769.65444089,0.08717691319334528,0.013168123254888534,0.01354139638537622,0.7166541233885895,0.1588,62109013.549682945,41267634.720616736,131136811.19480625,55.37660447556662,1643.0344769457836,0.03370386029787123,0.33703860297871235,166.66666666666666
19,1,142.62192853307923,57839857.404820696,0.07852303769432964,0.010732045220046978,0.011036263523466575,0.7207932773030852,0.15556666666666666,50818312.893275954,35616241.083724074,108664566.91362661,45.329374797493166,1426.2192853307922,0.03178289289993694,0.3178289289993693,166.66666666666666
20,1,123.79585590232313,74271073.00909844,0.07074033557812878,0.008748135951661818,0.008996116930378464,0.7249360445956559,0.15233333333333332,41595344.0257021,30738234.398107473,90135093.24359274,37.138804206584815,1237.9585590232314,0.030000038317831827,0.3000003831783183,166.66666666666666
21,1,107.45085750460123,95370087.91904595,0.06373748524984163,0.007131917956492965,0.007334084452847194,0.7290808620737042,0.1491,34057618.252896324,26528133.375791434,74840301.50973205,30.45533771561736,1074.5085750460123,0.02834350364706323,0.2834350364706323,166.66666666666666
22,1,93.2611395293068,122462936.12282044,0.05743381064090008,0.005814897344662952,0.005979730623733382,0.7332256356861098,0.14586666666666667,27894507.32031095,22894732.94201849,62202569.98053765,24.996621716988166,932.611395293068,0.02680282681848758,0.2680282681848758,166.66666666666666
23,1,80.94333430358978,157252352.9238246,0.051757732676477694,0.0047414663144026824,0.00487587134236458,0.7373679048397581,0.14263333333333333,22853385.0810547,19759200.365267336,51749907.05138503,20.53423230459556,809.4333430358978,0.02536865139207007,0.2536865139207007,166.66666666666666
24,1,70.25108153052885,201924788.6991586,0.04664552642275658,0.0038664324862194553,0.0039760331734255555,0.7415049178741819,0.13939999999999997,18728562.615955625,17053419.83671216,43096071.12577088,16.883128877570787,702.5108153052885,0.024032553677104496,0.24032553677104493,166.66666666666666
25,1,60.97026966127963,259287823.2540739,0.04204030621383913,0.0031530387579286794,0.0032424170713708862,0.7456337585701693,0.13616666666666666,15352414.642799048,14718551.04854073,35924585.8493603,13.893239539207974,609.7026966127963,0.02278690846603086,0.2278690846603086,166.66666666666666
26,1,52.91486675561046,332946617.00995994,0.03789118379509489,0.002571370270313341,0.0026442601887826647,0.7497513834577985,0.13293333333333332,12588232.591349186,12703779.180883637,29975838.69920706,11.44272490329237,529.1486675561046,0.021624782608148818,0.21624782608148815,166.66666666666666
27,1,45.9232746289292,427530488.656047,0.03415256010607225,0.002097068974907488,0.0021565140063641705,0.7538546938074611,0.12969999999999998,10324453.501614401,10965229.10994634,25036637.869920455,9.432571579688917,459.232746289292,0.020539849686038947,0.20539849686038944,166.66666666666666
28,1,39.8551453717772,548983859.2503569,0.030783522122431267,0.0017102939734788827,0.0017587752014547587,0.7579405917594555,0.12646666666666667,8469987.522612574,9465024.363277083,20931738.021693937,7.782243356885673,398.551453717772,0.01952632033904598,0.1952632033904598,166.66666666666666
29,1,34.58860493418666,704939848.0674951,0.027747323727418737,0.001394879090383137,0.0014344193403216265,0.76200600962707,0.12323333333333332,6950427.595803382,8170472.160974969,17516949.8508654,6.426176933914797,345.8860493418666,0.018578884422029106,0.18578884422029107,166.66666666666666
30,1,30.017834053796207,905199999.9999999,0.025010934914369436,0.0011376492771500836,0.0011698979050569658,0.7660479402547051,0.12,5704970.4746179,7053357.689189519,14673528.15378091,5.310954021651408,300.1783405379621,0.01769266234243759,0.1769266234243759,166.66666666666666
0,0.1,2000.0,500000.0,1.0,1.0,1.0,0.6217626805247174,0.217,4486217618.826163,578999047.8299359,7867279163.28418,4071.671571920533,20000.0,0.20358357859602666,2.0358357859602667,166.66666666666666
1,0.1,1802.654447212978,594605.8199152319,0.7361489030406865,0.6868501678601627,0.6868501678601628,0.6315704057480447,0.21376666666666666,3088477231.222636,513763465.7121371,5498957658.266678,2815.4697750352098,18026.544472129783,0.1561846630888194,1.5618466308881942,166.66666666666666
2,0.1,1628.1480442192617,707112.1621541302,0.6024609450008702,0.5244711185821079,0.5244711185821079,0.6384535443849793,0.21053333333333332,2362936495.6140604,459025798.4107168,4248591385.3497286,2152.117639404955,16281.480442192616,0.13218193806429623,1.3218193806429623,166.66666666666666
3,0.1,1473.0152009500607,840906.0138993778,0.5155586301933459,0.4187618208139906,0.41876182081399066,0.6439872763958221,0.20729999999999998,1890033182.6370986,411720457.6694818,3423402645.4467363,1715.632452961118,14730.152009500607,0.11647079078712662,1.164707907871266,166.66666666666666
4,0.1,1334.5132160320993,1000015.2197325778,0.45211871294664296,0.34263982567621026,0.34263982567621026,0.6487559017839193,0.20406666666666667,1549072796.6340194,370266194.45812035,2822797814.554758,1399.500283614214,13345.132160320993,0.10486972079417395,1.0486972079417394,166.66666666666666
5,0.1,1210.426766492782,1189229.7393136001,0.4025917668460981,0.2846732020699883,0.2846732020699883,0.6530444409841436,0.20083333333333334,1289117855.5484126,333632451.7828504,2361493330.4131756,1158.1956709272029,12104.26766492782,0.09568490246486212,0.9568490246486212,166.66666666666666
6,0.1,1098.935533831512,1414245.8484242812,0.3622127959675119,0.23896914260992577,0.23896914260992572,0.6570136952599175,0.1976,1083911291.98513,301071952.5586423,1995179579.6586783,967.9439398353193,10989.35533831512,0.08808013846458475,0.8808013846458475,166.66666666666666
7,0.1,998.5218728535795,1681837.6245280649,0.3282897722489803,0.2020839065721072,0.2020839065721072,0.6607630517790206,0.19436666666666666,918105980.0090785,272009666.1423993,1697749544.1216605,814.6725806616487,9985.218728535794,0.08158785528988709,0.8158785528988708,166.66666666666666
8,0.1,907.9047237296568,2000060.8793935918,0.2991649936848602,0.171823075981419,0.17182307598141902,0.6643579396796659,0.19113333333333332,781919707.7520329,245986147.69341955,1452432488.7935646,689.3073970289269,9079.047237296567,0.07592287814047978,0.7592287814047978,166.66666666666666
9,0.1,825.99122024395,2378495.6781444126,0.2737505200038415,0.14669726192555635,0.14669726192555635,0.6678433881599406,0.1879,668710719.1808106,222624678.59950465,1247758071.0963602,585.6249023524681,8259.9122024395,0.07089965219963336,0.7089965219963336,166.66666666666666
10,0.1,751.8405326848978,2828534.745735788,0.25129620932789537,0.12564619236250052,0.1256461923625005,0.6712513995203069,0.18466666666666667,573748870.9643921,201610448.75287074,1075502601.3509126,499.1557999700059,7518.405326848978,0.06639117981408511,0.6639117981408512,166.66666666666666
11,0.1,684.6363585537202,3363726.4432938998,0.2312639175242142,0.10596369936014673,0.10659198667921328,0.6756439109426053,0.18143333333333334,485020017.17815447,182395700.6698136,916584003.3318996,420.6456336746776,6846.363585537202,0.06144073834513881,0.614407383451388,166.66666666666666
12,0.1,623.6656476828637,4000182.6395706306,0.21325472786889466,0.08954542176217438,0.09059506885246879,0.6800375659476849,0.1782,410904054.2227185,165078845.94062495,783225860.922114,355.3907076461055,6236.656476828637,0.05698417236326972,0.5698417236326973,166.66666666666666
13,0.1,568.3019024384756,4757063.756425143,0.19696462055155603,0.07579357129584728,0.07711123708985931,0.6844414605003917,0.17496666666666666,348732936.75947624,149456671.37718213,670818875.5250589,300.9218344472355,5683.019024384756,0.0529510517483818,0.529510517483818,166.66666666666666
14,0.1,517.9918898337957,5657155.590556408,0.18215629697618477,0.06423715307458745,0.0657097613277408,0.6888618247097769,0.17173333333333332,296403965.96077484,135351585.50753686,575721265.1506667,255.29571470552915,5179.918898337956,0.04928565865914311,0.4928565865914311,166.66666666666666
15,0.1,472.2449358104744,6727555.276621663,0.1686406272655966,0.05449988504723695,0.05604477814316456,0.6933026408594622,0.16849999999999998,252236785.27529925,122607478.22986639,495016466.5997298,216.9632792684645,4722.449358104744,0.045942955194661565,0.4594295519466156,166.66666666666666
16,0.1,430.6242003442351,8000487.0425613355,0.15626406377761787,0.047118215171723835,0.04845386212305476,0.6966334982870397,0.16526666666666667,218593458.98580006,111267052.54995398,431908754.0366658,187.08723968781067,4306.24200344235,0.043445593521742557,0.43445593521742554,166.66666666666666
17,0.1,392.7394912199883,9514272.31532674,0.1448998811823963,0.040765623167930184,0.04192119495911353,0.6999619210484425,0.16203333333333333,189592199.93597236,100995648.89717108,377289424.2181094,161.49882611726758,3927.394912199883,0.04112110692398029,0.41121106923980294,166.66666666666666
18,0.1,358.24128703620534,11314483.381903298,0.1344419436026552,0.03529044852395073,0.036290817061051056,0.7032908782373708,0.1588,164553187.1224957,91688138.80841047,329931786.7074937,139.54613034888658,3582.4128703620536,0.038953112161743506,0.3895311216174351,166.66666666666666
19,0.1,326.8157209649664,13455315.336427746,0.12480018336403748,0.030565672718228777,0.03143210934857848,0.7066223597405841,0.15556666666666666,142906674.90547475,83250733.52517532,288805938.8198065,120.68528709167578,3268.157209649664,0.03692762598302695,0.3692762598302695,166.66666666666666
20,0.1,298.1803357278508,16001217.615669234,0.11589726485964329,0.02648428553396114,0.027235028216015044,0.7099575809170349,0.15233333333333332,124172333.5879525,75599531.39972916,253042262.90954262,104.46020658092597,2981.803357278508,0.03503256052279276,0.3503256052279276,166.66666666666666
21,0.1,272.08046366809185,19028834.240014106,0.10766608496758993,0.02295568915380292,0.02360640769486466,0.7132971484109503,0.1491,107943211.75883207,68659300.78279379,221902966.96192124,90.48674603459602,2720.8046366809185,0.033257347776715004,0.33257347776715007,166.66666666666666
22,0.1,248.28611814999968,22629311.170629255,0.10004787408942456,0.019902865965758267,0.020467046976287418,0.7166411587823458,0.14586666666666667,93873097.2305195,62362453.95524847,194759575.10435572,78.44017922094892,2482.8611814999967,0.03159265600727627,0.31592656007276265,166.66666666666666
23,0.1,226.58930687085518,26911040.24545784,0.09299073494444521,0.017260118502083855,0.01774938628467918,0.7199893055528259,0.14263333333333333,81666431.45012774,56648168.1355494,171074901.44175592,68.04516097595423,2265.8930687085517,0.030030173054343048,0.30030173054343046,166.66666666666666
24,0.1,206.80169618248223,32002922.299844515,0.08644850471460501,0.014971245022787339,0.015395630744942499,0.7233409365928469,0.13939999999999997,71070163.04203005,51461632.30880373,150388452.89664817,59.06760726570416,2068.0169618248224,0.0285624384886973,0.285624384886973,166.66666666666666
25,0.1,188.75256971839534,38058247.707565,0.08037985891878764,0.012988051782817337,0.013356220477328044,0.7266951350975457,0.13616666666666666,61867105.89426684,46753392.04624037,132304496.53525427,51.308068054151065,1887.5256971839533,0.0271827123364195,0.271827123364195,166.66666666666666
26,0.1,172.28703560548527,45259311.165387385,0.07474759797506952,0.011269129053540388,0.01158857192313254,0.7300507898559363,0.13293333333333332,53870472.82367142,42478779.33959499,116482222.0606193,44.59627710839853,1722.8703560548527,0.025884871111554884,0.2588487111155488,166.66666666666666
27,0.1,157.26444510329654,53822899.64858754,0.06951807321421506,0.009778836330363255,0.010056034286283533,0.7334065926171243,0.12969999999999998,46919338.51440451,38597417.044724315,102627571.46480325,38.78664013474032,1572.6444510329654,0.024663324319278878,0.2466332431927888,166.66666666666666
28,0.1,143.55699224301782,64006818.751527265,0.06466072033187369,0.008486455312152617,0.008727018502502088,0.7367611260750495,0.12646666666666667,40874857.290729254,35072776.900434636,90486413.15173589,33.754479797842876,1435.5699224301782,0.02351294720685024,0.23512947206850243,166.66666666666666
29,0.1,131.04846936438327,76117653.887835,0.06014767634298819,0.007365478799593726,0.007574265980260824,0.7401128740193756,0.12323333333333332,35617082.79040567,31871793.227273937,79838805.27644135,29.39289456075084,1310.4846936438325,0.02242902546158187,0.2242902546158187,166.66666666666666
30,0.1,119.63315769417895,90519999.99999997,0.05595346198123701,0.006393010706213279,0.006574231604085996,0.7434602235311181,0.12,31042284.186066367,28964519.826864537,70494152.94933115,25.610120636195774,1196.3315769417895,0.021407209447453963,0.21407209447453962,166.66666666666666
0,0.01,2000.0,500000.0,1.0,1.0,1.0,0.6217626805247174,0.217,4486217618.826163,578999047.8299359,7867279163.28418,4071.671571920533,20000.0,0.20358357859602666,2.0358357859602667,166.66666666666666
1,0.01,1854.0390706010737,550675.5856778729,0.7423739695191646,0.7142535510406243,0.7142535510406243,0.6311409987006984,0.21376666666666666,3211337255.8375597,528767792.60929346,5712304389.399729,2924.7789552532445,18540.390706010738,0.15775174329551966,1.5775174329551966,166.66666666666666
2,0.01,1727.961079990365,606487.2013233368,0.6165937557119628,0.5707664904241201,0.5707664904241201,0.6373846395860843,0.21053333333333332,2570686940.923103,487983197.3990613,4610798859.7076845,2335.7515311592388,17279.61079990365,0.13517385074276458,1.3517385074276458,166.66666666666666
3,0.01,1617.1845515142945,667955.389589725,0.5366759568873667,0.47797057107027974,0.47797057107027974,0.6422284001433995,0.20729999999999998,2156002674.578315,453254977.83588594,3888853065.5188475,1949.1194778275974,16171.845515142944,0.12052548214132312,1.2052548214132313,166.66666666666666
4,0.01,1518.5608081969967,735653.4507380272,0.4793086115704208,0.4107087193511181,0.410708719351118,0.6462929676150861,0.20406666666666667,1855163658.0206509,422936592.493226,3360215822.383598,1666.2275148995695,15185.608081969967,0.10972412207041607,1.0972412207041606,166.66666666666666
5,0.01,1429.8345771409067,810212.7896822228,0.4350963727596554,0.35870202356314224,0.3587020235631422,0.6498726722580943,0.20083333333333334,1622363805.1350245,396031768.7941642,2948272358.779437,1446.3111409191597,14298.345771409067,0.10115234056034646,1.0115234056034645,166.66666666666666
6,0.01,1349.3355986239487,892328.8049639225,0.3994002866011619,0.31680090159949786,0.3168009015994979,0.6531295473608354,0.1976,1434653772.6427927,371871719.37595147,2614361625.8890734,1268.7017306473003,13493.355986239487,0.09402417989572952,0.9402417989572952,166.66666666666666
7,0.01,1275.7922415500138,982767.3745814891,0.3696207278825235,0.28207463019788803,0.28207463019788803,0.6561616671667894,0.19436666666666666,1278970618.1680973,349978694.2302891,2336316842.3507376,1121.490081871663,12757.92241550014,0.0879053850107379,0.8790538501073791,166.66666666666666
8,0.01,1208.2136253867209,1082371.999165534,0.3441679859750086,0.25270151912367567,0.2527015191236756,0.6590325102220236,0.19113333333333332,1147192854.1995904,329996546.75054306,2100256868.9843917,997.1813056392459,12082.13625386721,0.08253352591683209,0.825335259168321,166.66666666666666
9,0.01,1145.8121928029525,1192071.6691236212,0.32200554493944566,0.22747328813479287,0.22747328813479287,0.6617851977206937,0.1879,1033932307.2294887,311651266.0223894,1896907678.71305,890.7435237065034,11458.121928029524,0.0777390508934553,0.777390508934553,166.66666666666666
10,0.01,1087.9511945691922,1312889.5291292996,0.3024234836831069,0.20554751926991408,0.2055475192699141,0.6644501974609154,0.18466666666666667,935431295.6834431,294726701.520732,1719758201.3633738,798.6274155605857,10879.511945691922,0.07340654797266222,0.7340654797266222,166.66666666666666
11,0.01,1034.108076664854,1445952.4207672474,0.2849162141553104,0.18299240514775253,0.1840774164141963,0.668045181252269,0.18143333333333334,834244002.678159,278633031.1532975,1541715815.927947,708.0145522208438,10341.08076664854,0.06846620466443815,0.6846620466443814,166.66666666666666
12,0.01,983.8483363489588,1592501.3923366843,0.2691120509414814,0.16333447620647074,0.16524907501365743,0.6716261229521527,0.1782,745994790.8752877,263677505.2232875,1386197033.920118,629.4812808819378,9838.483363489588,0.06398153634308415,0.6398153634308414,166.66666666666666
13,0.01,936.8064580495538,1753903.2738356632,0.2547304450602432,0.1461027313224033,0.14864271681436297,0.6752029229009384,0.17496666666666666,668581893.6301273,249739977.01970747,1249568126.8793454,561.0426395924171,9368.064580495538,0.05988885268367139,0.5988885268367139,166.66666666666666
14,0.01,892.6717515758487,1931663.4250835855,0.24155486580319052,0.13092559403959037,0.13392700523394763,0.6787829884748451,0.17173333333333332,600347079.2051508,236719125.2754965,1128953707.3132868,501.1264923935885,8926.717515758486,0.05613782350667436,0.5613782350667436,166.66666666666666
15,0.01,851.1776567119543,2127439.775880859,0.22941496916579524,0.11750467056260416,0.12083554280451944,0.6823718194777177,0.16849999999999998,539958610.3831296,224528583.73521212,1022038861.8179772,448.4668333200976,8511.776567119543,0.05268780609825882,0.5268780609825882,166.66666666666666
16,0.01,812.0935451032583,2343058.2891551894,0.21817450490773974,0.10751450239828163,0.11056218611950844,0.6848847381156928,0.16526666666666667,494821473.8911772,213432757.34360698,939562289.6107002,407.5000774456328,8120.935451032583,0.05017895781868564,0.5017895781868564,166.66666666666666
17,0.01,775.2183517410992,2580529.9913158575,0.20772289436648694,0.09848658717675747,0.10127835909405547,0.6873857881006351,0.16203333333333333,453997913.3255254,202999983.02113417,864922253.1241677,370.74772713601794,7752.183517410993,0.047824942005479903,0.4782494200547991,166.66666666666666
18,0.01,740.3755673623273,2842069.7286543525,0.19796922744572726,0.09030672318096576,0.0928666227667575,0.6898788586914733,0.1588,416977393.53890437,193175367.59713733,797194936.5331527,337.695101026523,7403.755673623273,0.0456113242944524,0.45611324294452404,166.66666666666666
19,0.01,707.4092571835534,3130116.8247281783,0.18883789606483356,0.082878373918961,0.08522770415255937,0.6923670496475849,0.15556666666666666,383328264.0292168,183910638.6675283,735597262.436252,307.90591258802,7074.092571835535,0.04352585288661649,0.43525852886616495,166.66666666666666
20,0.01,676.1808634339916,3447357.831394707,0.18026536034009935,0.07611916617778418,0.07827689502792579,0.6948527850078958,0.15233333333333332,352682123.9820887,175163082.0861363,679459508.5954422,281.0072364591118,6761.808634339915,0.041557998999263844,0.4155799899926384,166.66666666666666
21,0.01,646.5666133948492,3796751.5856889645,0.17219771499737643,0.06995822763901795,0.07194131407652467,0.697338004127172,0.1491,324721961.0375672,166894661.87454274,628204402.5573626,256.67798493934237,6465.666133948493,0.03969861412912032,0.3969861412912032,166.66666666666666
22,0.01,618.4554001864647,4181556.806245326,0.16458883153354076,0.06433413245918665,0.06615779423356555,0.6998241972542774,0.14586666666666667,299172966.2793417,159071338.87386206,581330904.3337703,234.6399348778185,6184.554001864646,0.03793966950681883,0.3793966950681883,166.66666666666666
23,0.01,591.7470362738586,4605362.486648882,0.15739892147529363,0.05919329447189206,0.0608712303404829,0.7023124889955072,0.14263333333333333,275795364.51375854,151662498.1020036,538401470.5094055,214.65065200395674,5917.470362738586,0.036274056116204545,0.36274056116204545,166.66666666666666
24,0.01,566.3508034946616,5072121.3691885555,0.15059341223164377,0.05448869495141848,0.05603327084480965,0.7048037133102505,0.13939999999999997,254378737.37770084,144640476.0699158,499031925.2535312,196.49784123005173,5663.508034946616,0.0346954290552011,0.34695429055201105,166.66666666666666
25,0.01,542.1842409780579,5586186.811214326,0.1441420581448663,0.05017886388462482,0.05160127019446671,0.707298467928261,0.13616666666666666,234737474.5686156,137980170.75013512,462883313.3294343,179.9947848609016,5421.842409780579,0.03319808494179121,0.33198084941791206,166.66666666666666
26,0.01,519.1721254130351,6152353.387942916,0.13801823069658908,0.04622705575964931,0.04753744126277916,0.7097971062565249,0.13293333333333332,216707082.72818995,131658725.78321357,429655277.551149,164.97662088801098,5191.721254130352,0.03177686412897483,0.3177686412897483,166.66666666666666
27,0.01,497.2456079804828,6775901.610405425,0.13219834672392092,0.042600576339349994,0.04380816303815047,0.7122998218006429,0.12969999999999998,200141188.34628084,125655246.14371891,399080633.12329775,151.2972816700514,4972.456079804828,0.030427072505382475,0.30427072505382474,166.66666666666666
28,0.01,476.3414797571965,7462647.1756112985,0.12666140405363652,0.03927022788516038,0.04038341012183308,0.714806654998313,0.12646666666666667,184909054.329708,119950570.90857348,370920874.77178967,138.8269508769654,4763.414797571965,0.02914441777099258,0.2914441777099258,166.66666666666666
29,0.01,456.4015431486764,8218995.208274151,0.12138860154199396,0.03620984823016589,0.03723627873523732,0.7173175031191401,0.12323333333333332,170893517.85547185,114527078.18997271,344962430.61496717,127.44993610190323,4564.015431486764,0.027924957313386078,0.2792495731338608,166.66666666666666
30,0.01,437.37207135537113,9052000.0,0.11636302602174263,0.03339592489643853,0.03434258989875747,0.7198321602139204,0.12,157989268.99607792,109368512.82189259,321013516.4905995,117.06287679007796,4373.720713553711,0.026765055305729087,0.26765055305729085,166.66666666666666
