rate,price,relative_cost_multiplier_sowers,kornuta_npv,sowers_npv_lower,sowers_npv_upper,sowers_sign,kornuta_break_even_price,sowers_break_even_price_lower,sowers_break_even_price_upper
0,300,0.8,-2040000000.0,624400000.0,624400000.0,all_admissible_schedules_nonnegative,485.45454545454544,243.23636363636365,243.23636363636365
0,300,1,-2040000000.0,-44500000.0,-44500000.0,all_admissible_schedules_negative,485.45454545454544,304.04545454545456,304.04545454545456
0,300,1.2,-2040000000.0,-713400000.0,-713400000.0,all_admissible_schedules_negative,485.45454545454544,364.8545454545455,364.8545454545455
0,500,0.8,160000000.0,2824400000.0,2824400000.0,all_admissible_schedules_nonnegative,485.45454545454544,243.23636363636365,243.23636363636365
0,500,1,160000000.0,2155500000.0,2155500000.0,all_admissible_schedules_nonnegative,485.45454545454544,304.04545454545456,304.04545454545456
0,500,1.2,160000000.0,1486600000.0,1486600000.0,all_admissible_schedules_nonnegative,485.45454545454544,364.8545454545455,364.8545454545455
0,750,0.8,2910000000.0,5574400000.0,5574400000.0,all_admissible_schedules_nonnegative,485.45454545454544,243.23636363636365,243.23636363636365
0,750,1,2910000000.0,4905500000.0,4905500000.0,all_admissible_schedules_nonnegative,485.45454545454544,304.04545454545456,304.04545454545456
0,750,1.2,2910000000.0,4236600000.0,4236600000.0,all_admissible_schedules_nonnegative,485.45454545454544,364.8545454545455,364.8545454545455
0,1000,0.8,5660000000.0,8324400000.0,8324400000.0,all_admissible_schedules_nonnegative,485.45454545454544,243.23636363636365,243.23636363636365
0,1000,1,5660000000.0,7655500000.0,7655500000.0,all_admissible_schedules_nonnegative,485.45454545454544,304.04545454545456,304.04545454545456
0,1000,1.2,5660000000.0,6986600000.0,6986600000.0,all_admissible_schedules_nonnegative,485.45454545454544,364.8545454545455,364.8545454545455
0.05,300,0.8,-2497931279.2338533,-357414452.34115386,-106883165.71615338,all_admissible_schedules_negative,594.0850260091817,312.58350813366627,342.0789152154115
0.05,300,1,-2497931279.2338533,-1083811197.0841892,-770647088.8029387,all_admissible_schedules_negative,594.0850260091817,390.72938516708285,427.5986440192643
0.05,300,1.2,-2497931279.2338533,-1810207941.8272243,-1434411011.8897238,all_admissible_schedules_negative,594.0850260091817,468.87526220049944,513.1183728231172
0.05,500,0.8,-799149594.8131948,1341367232.0795045,1591898518.704505,all_admissible_schedules_nonnegative,594.0850260091817,312.58350813366627,342.0789152154115
0.05,500,1,-799149594.8131948,614970487.3364692,928134595.6177197,all_admissible_schedules_nonnegative,594.0850260091817,390.72938516708285,427.5986440192643
0.05,500,1.2,-799149594.8131948,-111426257.40656614,264370672.53093433,sign_depends_on_schedule,594.0850260091817,468.87526220049944,513.1183728231172
0.05,750,0.8,1324327510.7126284,3464844337.605327,3715375624.2303276,all_admissible_schedules_nonnegative,594.0850260091817,312.58350813366627,342.0789152154115
0.05,750,1,1324327510.7126284,2738447592.862292,3051611701.1435423,all_admissible_schedules_nonnegative,594.0850260091817,390.72938516708285,427.5986440192643
0.05,750,1.2,1324327510.7126284,2012050848.1192565,2387847778.056757,all_admissible_schedules_nonnegative,594.0850260091817,468.87526220049944,513.1183728231172
0.05,1000,0.8,3447804616.238451,5588321443.131149,5838852729.75615,all_admissible_schedules_nonnegative,594.0850260091817,312.58350813366627,342.0789152154115
0.05,1000,1,3447804616.238451,4861924698.388115,5175088806.669366,all_admissible_schedules_nonnegative,594.0850260091817,390.72938516708285,427.5986440192643
0.05,1000,1.2,3447804616.238451,4135527953.64508,4511324883.582581,all_admissible_schedules_nonnegative,594.0850260091817,468.87526220049944,513.1183728231172
0.1,300,0.8,-2814942011.7533593,-1221325806.7241669,-656875234.7241659,all_admissible_schedules_negative,716.4716811583385,397.1849267852063,480.6955915413879
0.1,300,1,-2814942011.7533593,-2033584044.6258445,-1328020829.6258435,all_admissible_schedules_negative,716.4716811583385,496.48115848150786,600.8694894267347
0.1,300,1.2,-2814942011.7533593,-2845842282.527522,-1999166424.5275216,all_admissible_schedules_negative,716.4716811583385,595.7773901778096,721.0433873120817
0.1,500,0.8,-1463137248.4983296,130478956.53086281,694929528.5308638,all_admissible_schedules_nonnegative,716.4716811583385,397.1849267852063,480.6955915413879
0.1,500,1,-1463137248.4983296,-681779281.3708148,23783933.629186153,sign_depends_on_schedule,716.4716811583385,496.48115848150786,600.8694894267347
0.1,500,1.2,-1463137248.4983296,-1494037519.2724924,-647361661.2724919,all_admissible_schedules_negative,716.4716811583385,595.7773901778096,721.0433873120817
0.1,750,0.8,226618705.57045746,1820234910.5996494,2384685482.5996504,all_admissible_schedules_nonnegative,716.4716811583385,397.1849267852063,480.6955915413879
0.1,750,1,226618705.57045746,1007976672.6979723,1713539887.6979733,all_admissible_schedules_nonnegative,716.4716811583385,496.48115848150786,600.8694894267347
0.1,750,1.2,226618705.57045746,195718434.7962942,1042394292.7962947,all_admissible_schedules_nonnegative,716.4716811583385,595.7773901778096,721.0433873120817
0.1,1000,0.8,1916374659.639244,3509990864.668437,4074441436.668438,all_admissible_schedules_nonnegative,716.4716811583385,397.1849267852063,480.6955915413879
0.1,1000,1,1916374659.639244,2697732626.766759,3403295841.76676,all_admissible_schedules_nonnegative,716.4716811583385,496.48115848150786,600.8694894267347
0.1,1000,1.2,1916374659.639244,1885474388.8650818,2732150246.8650823,all_admissible_schedules_nonnegative,716.4716811583385,595.7773901778096,721.0433873120817
0.15,300,0.8,-3041227506.2032995,-2044423349.536817,-1092283524.661818,all_admissible_schedules_negative,850.8825938147438,497.8543137662222,670.3232445948362
0.15,300,1,-3041227506.2032995,-2969577598.5539956,-1779402817.460246,all_admissible_schedules_negative,850.8825938147438,622.3178922077776,837.9040557435454
0.15,300,1.2,-3041227506.2032995,-3894731847.571173,-2466522110.2586746,all_admissible_schedules_negative,850.8825938147438,746.7814706493331,1005.4848668922543
0.15,500,0.8,-1937098408.515369,-940294251.8488865,11845573.026112556,sign_depends_on_schedule,850.8825938147438,497.8543137662222,670.3232445948362
0.15,500,1,-1937098408.515369,-1865448500.866065,-675273719.7723155,all_admissible_schedules_negative,850.8825938147438,622.3178922077776,837.9040557435454
0.15,500,1.2,-1937098408.515369,-2790602749.8832426,-1362393012.570744,all_admissible_schedules_negative,850.8825938147438,746.7814706493331,1005.4848668922543
0.15,750,0.8,-556937036.4054556,439867120.26102686,1392006945.136026,all_admissible_schedules_nonnegative,850.8825938147438,497.8543137662222,670.3232445948362
0.15,750,1,-556937036.4054556,-485287128.7561517,704887652.3375978,sign_depends_on_schedule,850.8825938147438,622.3178922077776,837.9040557435454
0.15,750,1.2,-556937036.4054556,-1410441377.7733293,17768359.53916931,sign_depends_on_schedule,850.8825938147438,746.7814706493331,1005.4848668922543
0.15,1000,0.8,823224335.7044573,1820028492.3709402,2772168317.2459393,all_admissible_schedules_nonnegative,850.8825938147438,497.8543137662222,670.3232445948362
0.15,1000,1,823224335.7044573,894874243.3537617,2085049024.4475112,all_admissible_schedules_nonnegative,850.8825938147438,622.3178922077776,837.9040557435454
0.15,1000,1.2,823224335.7044573,-30280005.66341591,1397929731.6490827,sign_depends_on_schedule,850.8825938147438,746.7814706493331,1005.4848668922543
0.217,300,0.8,-3253698954.868285,-3171809174.71037,-1564511317.090629,all_admissible_schedules_negative,1046.626592961859,659.0085531981657,1027.8353377148978
0.217,300,1,-3253698954.868285,-4291601449.5987406,-2282479127.574065,all_admissible_schedules_negative,1046.626592961859,823.7606914977072,1284.7941721436223
0.217,300,1.2,-3253698954.868285,-5411393724.487112,-3000446938.057501,all_admissible_schedules_negative,1046.626592961859,988.5128297972486,1541.753006572347
0.217,500,0.8,-2382125671.6395435,-2300235891.481628,-692938033.861887,all_admissible_schedules_negative,1046.626592961859,659.0085531981657,1027.8353377148978
0.217,500,1,-2382125671.6395435,-3420028166.369999,-1410905844.3453228,all_admissible_schedules_negative,1046.626592961859,823.7606914977072,1284.7941721436223
0.217,500,1.2,-2382125671.6395435,-4539820441.258369,-2128873654.8287587,all_admissible_schedules_negative,1046.626592961859,988.5128297972486,1541.753006572347
0.217,750,0.8,-1292659067.6036153,-1210769287.4457002,396528570.1740408,sign_depends_on_schedule,1046.626592961859,659.0085531981657,1027.8353377148978
0.217,750,1,-1292659067.6036153,-2330561562.3340707,-321439240.30939484,all_admissible_schedules_negative,1046.626592961859,823.7606914977072,1284.7941721436223
0.217,750,1.2,-1292659067.6036153,-3450353837.222442,-1039407050.792831,all_admissible_schedules_negative,1046.626592961859,988.5128297972486,1541.753006572347
0.217,1000,0.8,-203192463.5676875,-121302683.4097724,1485995174.2099686,sign_depends_on_schedule,1046.626592961859,659.0085531981657,1027.8353377148978
0.217,1000,1,-203192463.5676875,-1241094958.298143,768027363.7265329,sign_depends_on_schedule,1046.626592961859,823.7606914977072,1284.7941721436223
0.217,1000,1.2,-203192463.5676875,-2360887233.1865144,50059553.24309683,sign_depends_on_schedule,1046.626592961859,988.5128297972486,1541.753006572347
